Date,PM2.5,AQI,PM10,n_ngay_AQI
2017-06,42.6,82.9,60.8,11
2017-07,37.3,84.0,68.5,25
2017-08,41.1,110.2,109.9,25
2017-09,39.1,126.2,121.7,29
2017-10,91.9,214.2,170.5,30
2017-11,110.9,239.6,193.3,30
2017-12,78.2,168.4,150.4,31
2018-01,82.2,190.3,171.3,31
2018-02,77.5,180.3,150.5,27
2018-03,47.3,124.0,118.0,31
2018-04,57.6,156.3,159.0,30
2018-05,63.8,172.2,179.6,31
2018-06,68.0,171.2,175.9,30
2018-07,47.2,110.0,96.3,31
2018-08,42.5,105.0,105.0,31
2018-09,39.8,99.0,98.7,30
2018-10,61.9,148.1,136.4,31
2018-11,74.4,178.1,161.7,30
2018-12,67.7,164.7,142.9,31
2019-01,62.4,150.3,138.5,31
2019-02,48.8,118.7,109.6,28
2019-03,40.8,106.8,100.3,31
2019-04,51.5,151.0,154.1,30
2019-05,57.2,142.2,148.0,31
2019-06,46.8,120.0,118.8,30
2019-07,35.4,84.8,79.2,31
2019-08,26.5,65.8,56.8,31
2019-09,31.1,76.3,67.5,30
2019-10,61.7,137.8,129.0,31
2019-11,69.8,163.2,140.5,30
2019-12,55.3,130.0,128.1,31
2020-01,47.1,112.5,106.6,31
2020-02,55.2,125.2,123.4,29
2020-03,34.3,100.9,82.6,31
2020-04,28.6,86.2,75.7,30
2020-05,41.1,113.3,111.7,31
2020-06,35.3,94.1,84.9,30
2020-07,58.8,70.0,103.7,1
