Date,PM2.5,AQI,n_ngay_AQI
2015-01,,,0
2015-02,,,0
2015-03,53.3,111.8,8
2015-04,46.3,118.6,29
2015-05,39.1,137.0,31
2015-06,52.7,149.7,30
2015-07,31.8,125.2,30
2015-08,43.8,105.5,31
2015-09,56.8,130.5,30
2015-10,105.1,240.2,31
2015-11,248.8,397.8,30
2015-12,239.1,388.1,31
2016-01,201.1,362.5,31
2016-02,163.3,322.3,29
2016-03,97.1,217.5,31
2016-04,103.3,238.6,30
2016-05,65.8,205.0,14
2016-06,79.8,152.6,25
2016-07,50.3,117.1,27
2016-08,36.7,96.4,25
2016-09,41.9,105.7,30
2016-10,124.1,245.0,31
2016-11,237.7,385.6,30
2016-12,234.8,389.3,31
2017-01,178.0,330.6,31
2017-02,140.7,296.4,28
2017-03,112.5,247.1,31
2017-04,104.4,249.5,30
2017-05,117.0,252.2,31
2017-06,98.2,178.3,27
2017-07,37.7,77.3,31
2017-08,45.8,96.5,31
2017-09,50.3,105.9,30
2017-10,133.5,259.1,31
2017-11,231.4,383.1,30
2017-12,220.1,374.5,31
2018-01,220.9,378.0,31
2018-02,163.8,317.7,28
2018-03,111.3,236.5,31
2018-04,86.2,180.8,30
2018-05,128.2,255.6,31
2018-06,84.0,174.9,30
2018-07,38.5,97.4,31
2018-08,48.8,100.0,31
2018-09,49.2,107.6,30
2018-10,123.3,264.6,31
2018-11,194.3,351.6,30
2018-12,184.6,344.7,31
2019-01,167.8,315.5,31
2019-02,116.8,243.1,28
2019-03,100.4,217.6,31
2019-04,103.1,217.7,30
2019-05,81.8,184.1,31
2019-06,77.5,167.7,30
2019-07,39.6,94.4,31
2019-08,33.0,90.3,31
2019-09,31.1,76.6,30
2019-10,100.4,205.4,31
2019-11,176.6,329.4,30
2019-12,150.5,292.2,31
2020-01,136.3,272.6,31
2020-02,102.9,216.7,29
2020-03,64.3,134.0,31
2020-04,54.8,106.7,30
2020-05,57.6,119.1,31
2020-06,46.6,96.5,30
2020-07,35.0,76.0,1
